{
    "3020|3021": 0.9821369840956173,
    "3020|3120": 0.965985921561927,
    "3021|3022": 0.9652513466700909,
    "3021|3121": 0.9603824474479215,
    "3022|3023": 0.9861136357869997,
    "3022|3122": 0.9783443404402037,
    "3023|3024": 0.9627684591142517,
    "3023|3123": 0.9549900632941388,
    "3024|3124": 0.5319984692719988,
    "3120|3121": 0.9833799902196425,
    "3120|3220": 0.9547205102754073,
    "3121|3122": 0.977844179632357,
    "3121|3221": 0.9727159232612054,
    "3122|3123": 0.9843651878691738,
    "3122|3222": 0.9597828066353377,
    "3123|3124": 0.4745502597971187,
    "3123|3223": 0.9713393813266522,
    "3124|3224": 0.6526471426291655,
    "3220|3221": 0.9737409663049142,
    "3220|3320": 0.9324297632769598,
    "3221|3222": 0.9527294423491849,
    "3221|3321": 0.2989277557565509,
    "3222|3223": 0.9766865958698314,
    "3222|3322": 0.287384755323514,
    "3223|3224": 0.3127246652267538,
    "3223|3323": 0.26725420582212683,
    "3224|3324": 0.174594289792385,
    "3320|3321": 0.23589685613340178,
    "3320|3420": 0.36799010104310725,
    "3321|3322": 0.3321803851521088,
    "3321|3421": 0.29962278947864124,
    "3322|3323": 0.8694523792172179,
    "3322|3422": 0.2699238336027489,
    "3323|3324": 0.14126289132266417,
    "3323|3423": 0.2153149793856998,
    "3324|3424": 0.18415861849470141,
    "3420|3421": 0.2859228737819484,
    "3421|3422": 0.7269438029253271,
    "3422|3423": 0.4186799332563109,
    "3423|3424": 0.3482734612049383
}